,AESL_inst_myproject,,module_status1.csv
,grp_hept_ap_fixed_13_4_4_0_0_ap_fixed_13_4_4_0_0_config5_s_fu_972,,module_status2.csv
grp_hept_ap_fixed_13_4_4_0_0_ap_fixed_13_4_4_0_0_config5_s_fu_972,call_ret1_transpose_ap_fixed_ap_fixed_13_4_4_0_0_config5_transpose_qk_s_fu_826,,module_status3.csv
grp_hept_ap_fixed_13_4_4_0_0_ap_fixed_13_4_4_0_0_config5_s_fu_972,call_ret_transpose_ap_fixed_ap_fixed_13_4_4_0_0_config5_transpose_qk_s_fu_910,,module_status4.csv
grp_hept_ap_fixed_13_4_4_0_0_ap_fixed_13_4_4_0_0_config5_s_fu_972,grp_pairwise_dist_sq_rbf_ap_fixed_ap_fixed_13_4_4_0_0_config5_s_fu_994,,module_status5.csv
grp_hept_ap_fixed_13_4_4_0_0_ap_fixed_13_4_4_0_0_config5_s_fu_972,grp_mask_and_normalize_ap_fixed_13_4_4_0_0_ap_fixed_13_4_4_0_0_config5_s_fu_1080,,module_status6.csv
grp_hept_ap_fixed_13_4_4_0_0_ap_fixed_13_4_4_0_0_config5_s_fu_972,grp_dense_latency_ap_fixed_13_4_4_0_0_ap_fixed_13_4_4_0_0_config5_dense_s_fu_1098,,module_status7.csv
grp_hept_ap_fixed_13_4_4_0_0_ap_fixed_13_4_4_0_0_config5_s_fu_972,grp_dense_latency_ap_fixed_13_4_4_0_0_ap_fixed_13_4_4_0_0_config5_dense_s_fu_1116,,module_status8.csv
grp_hept_ap_fixed_13_4_4_0_0_ap_fixed_13_4_4_0_0_config5_s_fu_972,grp_dense_latency_ap_fixed_13_4_4_0_0_ap_fixed_13_4_4_0_0_config5_dense_1_fu_1134,,module_status9.csv
grp_hept_ap_fixed_13_4_4_0_0_ap_fixed_13_4_4_0_0_config5_s_fu_972,grp_dense_latency_ap_fixed_13_4_4_0_0_ap_fixed_13_4_4_0_0_config5_dense_1_fu_1152,,module_status10.csv
