grp_sort_to_buckets_q_ap_fixed_16_6_5_3_0_ap_fixed_16_6_5_3_0_config5_s_fu_5952.grp_merge_sort_ap_fixed_16_6_5_3_0_config5_s_fu_1672,VITIS_LOOP_167_6,seq_loop_status1.csv
grp_sort_to_buckets_q_ap_fixed_16_6_5_3_0_ap_fixed_16_6_5_3_0_config5_s_fu_5952.grp_merge_sort_ap_fixed_16_6_5_3_0_config5_s_fu_1672,VITIS_LOOP_167_6,seq_loop_status2.csv
grp_sort_to_buckets_q_ap_fixed_16_6_5_3_0_ap_fixed_16_6_5_3_0_config5_s_fu_5952.grp_merge_sort_ap_fixed_16_6_5_3_0_config5_s_fu_1672,VITIS_LOOP_167_6,seq_loop_status3.csv
grp_sort_to_buckets_q_ap_fixed_16_6_5_3_0_ap_fixed_16_6_5_3_0_config5_s_fu_5952.grp_merge_sort_ap_fixed_16_6_5_3_0_config5_s_fu_1672,VITIS_LOOP_167_6,seq_loop_status4.csv
grp_sort_to_buckets_q_ap_fixed_16_6_5_3_0_ap_fixed_16_6_5_3_0_config5_s_fu_5952.grp_merge_sort_ap_fixed_16_6_5_3_0_config5_s_fu_1672,VITIS_LOOP_167_6,seq_loop_status5.csv
grp_sort_to_buckets_q_ap_fixed_16_6_5_3_0_ap_fixed_16_6_5_3_0_config5_s_fu_5952.grp_merge_sort_ap_fixed_16_6_5_3_0_config5_s_fu_1672,VITIS_LOOP_167_6,seq_loop_status6.csv
grp_sort_to_buckets_q_ap_fixed_16_6_5_3_0_ap_fixed_16_6_5_3_0_config5_s_fu_5952.grp_merge_sort_ap_fixed_16_6_5_3_0_config5_s_fu_1672,VITIS_LOOP_167_6,seq_loop_status7.csv
grp_sort_to_buckets_q_ap_fixed_16_6_5_3_0_ap_fixed_16_6_5_3_0_config5_s_fu_5952.grp_merge_sort_ap_fixed_16_6_5_3_0_config5_s_fu_1672.grp_merge_sort_ap_fixed_16_6_5_3_0_config5_Pipeline_VITIS_LOOP_149_3_fu_2858,VITIS_LOOP_149_3,upc_loop_status1.csv
grp_sort_to_buckets_q_ap_fixed_16_6_5_3_0_ap_fixed_16_6_5_3_0_config5_s_fu_5952.grp_merge_sort_ap_fixed_16_6_5_3_0_config5_s_fu_1672.grp_merge_sort_ap_fixed_16_6_5_3_0_config5_Pipeline_VITIS_LOOP_161_5_fu_2989,VITIS_LOOP_161_5,upc_loop_status2.csv
grp_sort_to_buckets_q_ap_fixed_16_6_5_3_0_ap_fixed_16_6_5_3_0_config5_s_fu_5952.grp_merge_sort_ap_fixed_16_6_5_3_0_config5_s_fu_1672.grp_merge_sort_ap_fixed_16_6_5_3_0_config5_Pipeline_VITIS_LOOP_149_31_fu_3020,VITIS_LOOP_149_3,upc_loop_status3.csv
grp_sort_to_buckets_q_ap_fixed_16_6_5_3_0_ap_fixed_16_6_5_3_0_config5_s_fu_5952.grp_merge_sort_ap_fixed_16_6_5_3_0_config5_s_fu_1672.grp_merge_sort_ap_fixed_16_6_5_3_0_config5_Pipeline_VITIS_LOOP_157_4_fu_3111,VITIS_LOOP_157_4,upc_loop_status4.csv
grp_sort_to_buckets_q_ap_fixed_16_6_5_3_0_ap_fixed_16_6_5_3_0_config5_s_fu_5952.grp_merge_sort_ap_fixed_16_6_5_3_0_config5_s_fu_1672.grp_merge_sort_ap_fixed_16_6_5_3_0_config5_Pipeline_VITIS_LOOP_161_52_fu_3136,VITIS_LOOP_161_5,upc_loop_status5.csv
grp_sort_to_buckets_q_ap_fixed_16_6_5_3_0_ap_fixed_16_6_5_3_0_config5_s_fu_5952.grp_merge_sort_ap_fixed_16_6_5_3_0_config5_s_fu_1672.grp_merge_sort_ap_fixed_16_6_5_3_0_config5_Pipeline_VITIS_LOOP_149_33_fu_3171,VITIS_LOOP_149_3,upc_loop_status6.csv
grp_sort_to_buckets_q_ap_fixed_16_6_5_3_0_ap_fixed_16_6_5_3_0_config5_s_fu_5952.grp_merge_sort_ap_fixed_16_6_5_3_0_config5_s_fu_1672.grp_merge_sort_ap_fixed_16_6_5_3_0_config5_Pipeline_VITIS_LOOP_157_44_fu_3262,VITIS_LOOP_157_4,upc_loop_status7.csv
grp_sort_to_buckets_q_ap_fixed_16_6_5_3_0_ap_fixed_16_6_5_3_0_config5_s_fu_5952.grp_merge_sort_ap_fixed_16_6_5_3_0_config5_s_fu_1672.grp_merge_sort_ap_fixed_16_6_5_3_0_config5_Pipeline_VITIS_LOOP_161_55_fu_3289,VITIS_LOOP_161_5,upc_loop_status8.csv
grp_sort_to_buckets_q_ap_fixed_16_6_5_3_0_ap_fixed_16_6_5_3_0_config5_s_fu_5952.grp_merge_sort_ap_fixed_16_6_5_3_0_config5_s_fu_1672.grp_merge_sort_ap_fixed_16_6_5_3_0_config5_Pipeline_VITIS_LOOP_149_36_fu_3326,VITIS_LOOP_149_3,upc_loop_status9.csv
grp_sort_to_buckets_q_ap_fixed_16_6_5_3_0_ap_fixed_16_6_5_3_0_config5_s_fu_5952.grp_merge_sort_ap_fixed_16_6_5_3_0_config5_s_fu_1672.grp_merge_sort_ap_fixed_16_6_5_3_0_config5_Pipeline_VITIS_LOOP_157_47_fu_3417,VITIS_LOOP_157_4,upc_loop_status10.csv
grp_sort_to_buckets_q_ap_fixed_16_6_5_3_0_ap_fixed_16_6_5_3_0_config5_s_fu_5952.grp_merge_sort_ap_fixed_16_6_5_3_0_config5_s_fu_1672.grp_merge_sort_ap_fixed_16_6_5_3_0_config5_Pipeline_VITIS_LOOP_161_58_fu_3446,VITIS_LOOP_161_5,upc_loop_status11.csv
grp_sort_to_buckets_q_ap_fixed_16_6_5_3_0_ap_fixed_16_6_5_3_0_config5_s_fu_5952.grp_merge_sort_ap_fixed_16_6_5_3_0_config5_s_fu_1672.grp_merge_sort_ap_fixed_16_6_5_3_0_config5_Pipeline_VITIS_LOOP_149_39_fu_3485,VITIS_LOOP_149_3,upc_loop_status12.csv
grp_sort_to_buckets_q_ap_fixed_16_6_5_3_0_ap_fixed_16_6_5_3_0_config5_s_fu_5952.grp_merge_sort_ap_fixed_16_6_5_3_0_config5_s_fu_1672.grp_merge_sort_ap_fixed_16_6_5_3_0_config5_Pipeline_VITIS_LOOP_157_410_fu_3575,VITIS_LOOP_157_4,upc_loop_status13.csv
grp_sort_to_buckets_q_ap_fixed_16_6_5_3_0_ap_fixed_16_6_5_3_0_config5_s_fu_5952.grp_merge_sort_ap_fixed_16_6_5_3_0_config5_s_fu_1672.grp_merge_sort_ap_fixed_16_6_5_3_0_config5_Pipeline_VITIS_LOOP_161_511_fu_3606,VITIS_LOOP_161_5,upc_loop_status14.csv
grp_sort_to_buckets_q_ap_fixed_16_6_5_3_0_ap_fixed_16_6_5_3_0_config5_s_fu_5952.grp_merge_sort_ap_fixed_16_6_5_3_0_config5_s_fu_1672.grp_merge_sort_ap_fixed_16_6_5_3_0_config5_Pipeline_VITIS_LOOP_149_312_fu_3641,VITIS_LOOP_149_3,upc_loop_status15.csv
grp_sort_to_buckets_q_ap_fixed_16_6_5_3_0_ap_fixed_16_6_5_3_0_config5_s_fu_5952.grp_merge_sort_ap_fixed_16_6_5_3_0_config5_s_fu_1672.grp_merge_sort_ap_fixed_16_6_5_3_0_config5_Pipeline_VITIS_LOOP_157_413_fu_3732,VITIS_LOOP_157_4,upc_loop_status16.csv
grp_sort_to_buckets_q_ap_fixed_16_6_5_3_0_ap_fixed_16_6_5_3_0_config5_s_fu_5952.grp_merge_sort_ap_fixed_16_6_5_3_0_config5_s_fu_1672.grp_merge_sort_ap_fixed_16_6_5_3_0_config5_Pipeline_VITIS_LOOP_161_514_fu_3760,VITIS_LOOP_161_5,upc_loop_status17.csv
grp_sort_to_buckets_q_ap_fixed_16_6_5_3_0_ap_fixed_16_6_5_3_0_config5_s_fu_5952.grp_merge_sort_ap_fixed_16_6_5_3_0_config5_s_fu_1672.grp_merge_sort_ap_fixed_16_6_5_3_0_config5_Pipeline_VITIS_LOOP_149_315_fu_3799,VITIS_LOOP_149_3,upc_loop_status18.csv
grp_sort_to_buckets_q_ap_fixed_16_6_5_3_0_ap_fixed_16_6_5_3_0_config5_s_fu_5952.grp_merge_sort_ap_fixed_16_6_5_3_0_config5_s_fu_1672.grp_merge_sort_ap_fixed_16_6_5_3_0_config5_Pipeline_VITIS_LOOP_157_416_fu_3890,VITIS_LOOP_157_4,upc_loop_status19.csv
grp_sort_to_buckets_q_ap_fixed_16_6_5_3_0_ap_fixed_16_6_5_3_0_config5_s_fu_5952.grp_merge_sort_ap_fixed_16_6_5_3_0_config5_s_fu_1672.grp_merge_sort_ap_fixed_16_6_5_3_0_config5_Pipeline_VITIS_LOOP_161_517_fu_3916,VITIS_LOOP_161_5,upc_loop_status20.csv
grp_sort_to_buckets_kv_ap_fixed_16_6_5_3_0_ap_fixed_16_6_5_3_0_config5_s_fu_6148.grp_merge_sort_ap_fixed_16_6_5_3_0_config5_s_fu_2440,VITIS_LOOP_167_6,seq_loop_status8.csv
grp_sort_to_buckets_kv_ap_fixed_16_6_5_3_0_ap_fixed_16_6_5_3_0_config5_s_fu_6148.grp_merge_sort_ap_fixed_16_6_5_3_0_config5_s_fu_2440,VITIS_LOOP_167_6,seq_loop_status9.csv
grp_sort_to_buckets_kv_ap_fixed_16_6_5_3_0_ap_fixed_16_6_5_3_0_config5_s_fu_6148.grp_merge_sort_ap_fixed_16_6_5_3_0_config5_s_fu_2440,VITIS_LOOP_167_6,seq_loop_status10.csv
grp_sort_to_buckets_kv_ap_fixed_16_6_5_3_0_ap_fixed_16_6_5_3_0_config5_s_fu_6148.grp_merge_sort_ap_fixed_16_6_5_3_0_config5_s_fu_2440,VITIS_LOOP_167_6,seq_loop_status11.csv
grp_sort_to_buckets_kv_ap_fixed_16_6_5_3_0_ap_fixed_16_6_5_3_0_config5_s_fu_6148.grp_merge_sort_ap_fixed_16_6_5_3_0_config5_s_fu_2440,VITIS_LOOP_167_6,seq_loop_status12.csv
grp_sort_to_buckets_kv_ap_fixed_16_6_5_3_0_ap_fixed_16_6_5_3_0_config5_s_fu_6148.grp_merge_sort_ap_fixed_16_6_5_3_0_config5_s_fu_2440,VITIS_LOOP_167_6,seq_loop_status13.csv
grp_sort_to_buckets_kv_ap_fixed_16_6_5_3_0_ap_fixed_16_6_5_3_0_config5_s_fu_6148.grp_merge_sort_ap_fixed_16_6_5_3_0_config5_s_fu_2440,VITIS_LOOP_167_6,seq_loop_status14.csv
grp_sort_to_buckets_kv_ap_fixed_16_6_5_3_0_ap_fixed_16_6_5_3_0_config5_s_fu_6148.grp_merge_sort_ap_fixed_16_6_5_3_0_config5_s_fu_2440.grp_merge_sort_ap_fixed_16_6_5_3_0_config5_Pipeline_VITIS_LOOP_149_3_fu_2858,VITIS_LOOP_149_3,upc_loop_status21.csv
grp_sort_to_buckets_kv_ap_fixed_16_6_5_3_0_ap_fixed_16_6_5_3_0_config5_s_fu_6148.grp_merge_sort_ap_fixed_16_6_5_3_0_config5_s_fu_2440.grp_merge_sort_ap_fixed_16_6_5_3_0_config5_Pipeline_VITIS_LOOP_161_5_fu_2989,VITIS_LOOP_161_5,upc_loop_status22.csv
grp_sort_to_buckets_kv_ap_fixed_16_6_5_3_0_ap_fixed_16_6_5_3_0_config5_s_fu_6148.grp_merge_sort_ap_fixed_16_6_5_3_0_config5_s_fu_2440.grp_merge_sort_ap_fixed_16_6_5_3_0_config5_Pipeline_VITIS_LOOP_149_31_fu_3020,VITIS_LOOP_149_3,upc_loop_status23.csv
grp_sort_to_buckets_kv_ap_fixed_16_6_5_3_0_ap_fixed_16_6_5_3_0_config5_s_fu_6148.grp_merge_sort_ap_fixed_16_6_5_3_0_config5_s_fu_2440.grp_merge_sort_ap_fixed_16_6_5_3_0_config5_Pipeline_VITIS_LOOP_157_4_fu_3111,VITIS_LOOP_157_4,upc_loop_status24.csv
grp_sort_to_buckets_kv_ap_fixed_16_6_5_3_0_ap_fixed_16_6_5_3_0_config5_s_fu_6148.grp_merge_sort_ap_fixed_16_6_5_3_0_config5_s_fu_2440.grp_merge_sort_ap_fixed_16_6_5_3_0_config5_Pipeline_VITIS_LOOP_161_52_fu_3136,VITIS_LOOP_161_5,upc_loop_status25.csv
grp_sort_to_buckets_kv_ap_fixed_16_6_5_3_0_ap_fixed_16_6_5_3_0_config5_s_fu_6148.grp_merge_sort_ap_fixed_16_6_5_3_0_config5_s_fu_2440.grp_merge_sort_ap_fixed_16_6_5_3_0_config5_Pipeline_VITIS_LOOP_149_33_fu_3171,VITIS_LOOP_149_3,upc_loop_status26.csv
grp_sort_to_buckets_kv_ap_fixed_16_6_5_3_0_ap_fixed_16_6_5_3_0_config5_s_fu_6148.grp_merge_sort_ap_fixed_16_6_5_3_0_config5_s_fu_2440.grp_merge_sort_ap_fixed_16_6_5_3_0_config5_Pipeline_VITIS_LOOP_157_44_fu_3262,VITIS_LOOP_157_4,upc_loop_status27.csv
grp_sort_to_buckets_kv_ap_fixed_16_6_5_3_0_ap_fixed_16_6_5_3_0_config5_s_fu_6148.grp_merge_sort_ap_fixed_16_6_5_3_0_config5_s_fu_2440.grp_merge_sort_ap_fixed_16_6_5_3_0_config5_Pipeline_VITIS_LOOP_161_55_fu_3289,VITIS_LOOP_161_5,upc_loop_status28.csv
grp_sort_to_buckets_kv_ap_fixed_16_6_5_3_0_ap_fixed_16_6_5_3_0_config5_s_fu_6148.grp_merge_sort_ap_fixed_16_6_5_3_0_config5_s_fu_2440.grp_merge_sort_ap_fixed_16_6_5_3_0_config5_Pipeline_VITIS_LOOP_149_36_fu_3326,VITIS_LOOP_149_3,upc_loop_status29.csv
grp_sort_to_buckets_kv_ap_fixed_16_6_5_3_0_ap_fixed_16_6_5_3_0_config5_s_fu_6148.grp_merge_sort_ap_fixed_16_6_5_3_0_config5_s_fu_2440.grp_merge_sort_ap_fixed_16_6_5_3_0_config5_Pipeline_VITIS_LOOP_157_47_fu_3417,VITIS_LOOP_157_4,upc_loop_status30.csv
grp_sort_to_buckets_kv_ap_fixed_16_6_5_3_0_ap_fixed_16_6_5_3_0_config5_s_fu_6148.grp_merge_sort_ap_fixed_16_6_5_3_0_config5_s_fu_2440.grp_merge_sort_ap_fixed_16_6_5_3_0_config5_Pipeline_VITIS_LOOP_161_58_fu_3446,VITIS_LOOP_161_5,upc_loop_status31.csv
grp_sort_to_buckets_kv_ap_fixed_16_6_5_3_0_ap_fixed_16_6_5_3_0_config5_s_fu_6148.grp_merge_sort_ap_fixed_16_6_5_3_0_config5_s_fu_2440.grp_merge_sort_ap_fixed_16_6_5_3_0_config5_Pipeline_VITIS_LOOP_149_39_fu_3485,VITIS_LOOP_149_3,upc_loop_status32.csv
grp_sort_to_buckets_kv_ap_fixed_16_6_5_3_0_ap_fixed_16_6_5_3_0_config5_s_fu_6148.grp_merge_sort_ap_fixed_16_6_5_3_0_config5_s_fu_2440.grp_merge_sort_ap_fixed_16_6_5_3_0_config5_Pipeline_VITIS_LOOP_157_410_fu_3575,VITIS_LOOP_157_4,upc_loop_status33.csv
grp_sort_to_buckets_kv_ap_fixed_16_6_5_3_0_ap_fixed_16_6_5_3_0_config5_s_fu_6148.grp_merge_sort_ap_fixed_16_6_5_3_0_config5_s_fu_2440.grp_merge_sort_ap_fixed_16_6_5_3_0_config5_Pipeline_VITIS_LOOP_161_511_fu_3606,VITIS_LOOP_161_5,upc_loop_status34.csv
grp_sort_to_buckets_kv_ap_fixed_16_6_5_3_0_ap_fixed_16_6_5_3_0_config5_s_fu_6148.grp_merge_sort_ap_fixed_16_6_5_3_0_config5_s_fu_2440.grp_merge_sort_ap_fixed_16_6_5_3_0_config5_Pipeline_VITIS_LOOP_149_312_fu_3641,VITIS_LOOP_149_3,upc_loop_status35.csv
grp_sort_to_buckets_kv_ap_fixed_16_6_5_3_0_ap_fixed_16_6_5_3_0_config5_s_fu_6148.grp_merge_sort_ap_fixed_16_6_5_3_0_config5_s_fu_2440.grp_merge_sort_ap_fixed_16_6_5_3_0_config5_Pipeline_VITIS_LOOP_157_413_fu_3732,VITIS_LOOP_157_4,upc_loop_status36.csv
grp_sort_to_buckets_kv_ap_fixed_16_6_5_3_0_ap_fixed_16_6_5_3_0_config5_s_fu_6148.grp_merge_sort_ap_fixed_16_6_5_3_0_config5_s_fu_2440.grp_merge_sort_ap_fixed_16_6_5_3_0_config5_Pipeline_VITIS_LOOP_161_514_fu_3760,VITIS_LOOP_161_5,upc_loop_status37.csv
grp_sort_to_buckets_kv_ap_fixed_16_6_5_3_0_ap_fixed_16_6_5_3_0_config5_s_fu_6148.grp_merge_sort_ap_fixed_16_6_5_3_0_config5_s_fu_2440.grp_merge_sort_ap_fixed_16_6_5_3_0_config5_Pipeline_VITIS_LOOP_149_315_fu_3799,VITIS_LOOP_149_3,upc_loop_status38.csv
grp_sort_to_buckets_kv_ap_fixed_16_6_5_3_0_ap_fixed_16_6_5_3_0_config5_s_fu_6148.grp_merge_sort_ap_fixed_16_6_5_3_0_config5_s_fu_2440.grp_merge_sort_ap_fixed_16_6_5_3_0_config5_Pipeline_VITIS_LOOP_157_416_fu_3890,VITIS_LOOP_157_4,upc_loop_status39.csv
grp_sort_to_buckets_kv_ap_fixed_16_6_5_3_0_ap_fixed_16_6_5_3_0_config5_s_fu_6148.grp_merge_sort_ap_fixed_16_6_5_3_0_config5_s_fu_2440.grp_merge_sort_ap_fixed_16_6_5_3_0_config5_Pipeline_VITIS_LOOP_161_517_fu_3916,VITIS_LOOP_161_5,upc_loop_status40.csv
